fixIdx,legIdx,tickLead,togo,area
379,2,2719.023374264307,102.706,54761.07637721509
380,2,2724.023374264307,102.613,52014.319231795285
381,2,2729.023374264307,102.521,51503.02423878206
382,2,2734.023374264307,102.449,40348.27951365429
